state,total_demand,average_demand,maximum_demand,demand_share_pct
Rajasthan,13406245.84790039,372395.7179972331,1774344.125,50.097136959790454
Uttar Pradesh,2281127.787715912,63364.66076988644,304449.09375,8.52423359235094
Maharashtra,1267945.830444336,35220.717512342664,166882.03125,4.738124053969468
Tamil Nadu,1082053.977022171,30057.054917282527,160157.546875,4.043473982185353
Karnataka,949593.3508338928,26377.593078719245,127970.9375,3.5484884204389187
Madhya Pradesh,767727.891532898,21325.77476480272,110518.8203125,2.8688843816778338
Bihar,755540.3539772034,20987.232054922315,123031.9375,2.823341375450938
Gujarat,738498.865020752,20513.857361687555,90308.34375,2.7596598783386193
Arunachal Pradesh,607001.9057006836,16861.16404724121,90588.9140625,2.2682753956435495
West Bengal,599764.5868682861,16660.127413007947,91423.2890625,2.2412306168977483
Andhra Pradesh,591100.1341552734,16419.448170979816,80777.28125,2.2088528521476407
Odisha,499879.17367744446,13885.532602151236,72207.8203125,1.86797375724598
Haryana,457927.9607849121,12720.221132914225,42088.89453125,1.7112083449336537
Kerala,422482.9412841797,11735.63725789388,50076.3203125,1.5787556048737854
Punjab,381709.7334918976,10603.04815255271,39257.8046875,1.4263922215497467
Delhi,363641.1114311218,10101.141984197828,37813.96484375,1.3588724815477282
Assam,339724.6121826172,9436.794782850477,42788.31640625,1.2695000985521776
Chhattisgarh,335434.0035133362,9317.611208703784,44797.53125,1.2534667352538686
Jharkhand,269825.54773139954,7495.1541036499875,43464.42578125,1.0082977422100186
Uttarakhand,172396.81652259827,4788.800458961063,22344.9375,0.6442211359354627
Jammu And Kashmir,81765.63461303711,2271.26762813992,8362.2412109375,0.3055459553917572
Himachal Pradesh,77938.9188079834,2164.9699668884277,6909.68017578125,0.2912460903909975
Tripura,45542.33603096008,1265.0648897488911,5717.42578125,0.17018490273092587
Puducherry,44229.858560562134,1228.6071822378372,5913.5439453125,0.16528037059440212
Goa,36191.39338302612,1005.3164828618368,4673.8671875,0.13524182770071075
Meghalaya,31732.947759628296,881.470771100786,4551.35498046875,0.1185812827907336
Chandigarh,31332.675117492676,870.3520865970188,2225.0009765625,0.11708552375410024
Andaman And Nicobar Islands,22515.30670928955,625.4251863691542,1749.9068603515625,0.08413633590671626
Manipur,20299.888137817383,563.8857816060384,2123.91650390625,0.07585764783419471
Mizoram,19566.136604309082,543.5037945641411,2321.65966796875,0.07311572802415493
Nagaland,18867.53332901001,524.0981480280558,1501.627685546875,0.0705051520015843
Sikkim,16743.474479675293,558.1158159891764,1779.8017578125,0.06256786155554632
The Dadra And Nagar Haveli And Daman And Diu,13283.576000213623,368.9882222281562,1779.8017578125,0.04963873807391868
Ladakh,10870.906364440918,301.96962123446997,671.858642578125,0.04062295225637286
