state,vehicle_group,total_demand,average_demand,maximum_demand
Rajasthan,Two Wheeler,9466147.5,1577691.25,1774344.125
Rajasthan,Passenger Vehicle,2522722.25,420453.7083333333,431270.90625
Uttar Pradesh,Two Wheeler,1737674.53125,289612.421875,304449.09375
Maharashtra,Two Wheeler,890074.078125,148345.6796875,166882.03125
Tamil Nadu,Two Wheeler,861641.4609375,143606.91015625,160157.546875
Rajasthan,Three Wheeler,768975.8046875,128162.63411458333,144004.5
Karnataka,Two Wheeler,696028.609375,116004.76822916667,127970.9375
Bihar,Two Wheeler,623129.3671875,103854.89453125,123031.9375
Rajasthan,Goods Vehicle,581692.0390625,96948.67317708333,108312.4921875
Madhya Pradesh,Two Wheeler,564443.5546875,94073.92578125,110518.8203125
West Bengal,Two Wheeler,522018.9375,87003.15625,91423.2890625
Arunachal Pradesh,Two Wheeler,505826.2265625,84304.37109375,90588.9140625
Gujarat,Two Wheeler,489980.1796875,81663.36328125,90308.34375
Andhra Pradesh,Two Wheeler,462830.8828125,77138.48046875,80777.28125
Odisha,Two Wheeler,412291.6015625,68715.26692708333,72207.8203125
Uttar Pradesh,Passenger Vehicle,339247.07421875,56541.179036458336,61605.2265625
Maharashtra,Passenger Vehicle,299083.20703125,49847.201171875,54533.68359375
Kerala,Two Wheeler,271343.3828125,45223.897135416664,50076.3203125
Chhattisgarh,Two Wheeler,250488.328125,41748.0546875,44797.53125
Assam,Two Wheeler,238433.0390625,39738.83984375,42788.31640625
Jharkhand,Two Wheeler,227225.21875,37870.869791666664,43464.42578125
Haryana,Two Wheeler,223775.23828125,37295.873046875,42088.89453125
Punjab,Two Wheeler,217249.98828125,36208.331380208336,39257.8046875
Delhi,Two Wheeler,211058.44921875,35176.408203125,37813.96484375
Karnataka,Passenger Vehicle,186673.29296875,31112.215494791668,35561.47265625
Gujarat,Passenger Vehicle,183994.98828125,30665.831380208332,35115.08984375
Haryana,Passenger Vehicle,177674.37109375,29612.395182291668,34061.65234375
Uttar Pradesh,Three Wheeler,172827.560546875,28804.593424479168,29532.609375
Tamil Nadu,Passenger Vehicle,167619.5234375,27936.587239583332,30872.091796875
Madhya Pradesh,Passenger Vehicle,151142.560546875,25190.4267578125,28071.435546875
Punjab,Passenger Vehicle,130181.048828125,21696.841471354168,22437.357421875
Uttarakhand,Two Wheeler,129461.677734375,21576.9462890625,22344.9375
Delhi,Passenger Vehicle,122400.02734375,20400.004557291668,21068.66015625
Kerala,Passenger Vehicle,122380.52734375,20396.754557291668,20495.96484375
Arunachal Pradesh,Passenger Vehicle,56563.138671875,9427.189778645834,10853.060546875
Bihar,Three Wheeler,56446.23046875,9407.705078125,9476.4462890625
Andhra Pradesh,Passenger Vehicle,56404.0478515625,9400.674641927084,10148.13671875
Odisha,Passenger Vehicle,55812.7958984375,9302.132649739584,9370.8740234375
Chhattisgarh,Passenger Vehicle,55812.7958984375,9302.132649739584,9370.8740234375
West Bengal,Passenger Vehicle,48775.61572265625,8129.269287109375,8228.4794921875
Rajasthan,Passenger Transport,48548.66845703125,8091.444742838542,8443.26953125
Jammu And Kashmir,Two Wheeler,48084.779296875,8014.1298828125,8362.2412109375
Bihar,Passenger Vehicle,46970.3740234375,7828.395670572917,7982.19091796875
Maharashtra,Goods Vehicle,44895.1376953125,7482.52294921875,7581.73291015625
Andhra Pradesh,Three Wheeler,44712.00146484375,7452.000244140625,8517.3291015625
Himachal Pradesh,Two Wheeler,39042.41845703125,6507.069742838542,6909.68017578125
Assam,Passenger Vehicle,38177.66748046875,6362.944580078125,6431.6875
Assam,Three Wheeler,34449.92431640625,5741.654052734375,5810.39697265625
Gujarat,Three Wheeler,34449.92431640625,5741.654052734375,5810.39697265625
Karnataka,Three Wheeler,34283.76708984375,5713.961181640625,5782.7041015625
Uttarakhand,Passenger Vehicle,33627.00732421875,5604.501220703125,5943.76416015625
Puducherry,Two Wheeler,33065.60107421875,5510.933512369792,5913.5439453125
Tripura,Two Wheeler,32177.22412109375,5362.870686848958,5717.42578125
Uttar Pradesh,Goods Vehicle,30036.80712890625,5006.134521484375,5074.87744140625
Himachal Pradesh,Passenger Vehicle,29497.04150390625,4916.173583984375,4984.91650390625
Karnataka,Goods Vehicle,29276.18994140625,4879.364990234375,4948.10791015625
Gujarat,Goods Vehicle,29273.43896484375,4878.906494140625,4947.6494140625
Maharashtra,Three Wheeler,28455.03857421875,4742.506429036458,4896.30126953125
Arunachal Pradesh,Goods Vehicle,26655.66796875,4442.611328125,5382.388671875
Bihar,Goods Vehicle,25929.12548828125,4321.520914713542,4350.10205078125
Goa,Two Wheeler,25915.873046875,4319.312174479167,4673.8671875
Madhya Pradesh,Three Wheeler,25912.35595703125,4318.725992838542,4347.30712890625
Haryana,Goods Vehicle,25809.44970703125,4301.574951171875,4370.31787109375
Delhi,Three Wheeler,25436.25537109375,4239.375895182292,4267.95703125
Meghalaya,Two Wheeler,25180.794921875,4196.799153645833,4551.35498046875
Tamil Nadu,Goods Vehicle,24905.7421875,4150.95703125,4304.751953125
Jammu And Kashmir,Passenger Vehicle,24714.432861328125,4119.0721435546875,4272.8671875
Punjab,Three Wheeler,24246.167724609375,4041.0279541015625,4069.609619140625
Haryana,Three Wheeler,24246.167724609375,4041.0279541015625,4069.609619140625
Assam,Goods Vehicle,24246.167724609375,4041.0279541015625,4069.609619140625
Tamil Nadu,Three Wheeler,23972.193115234375,3995.365519205729,4044.616455078125
Jharkhand,Passenger Vehicle,22854.021240234375,3809.0035400390625,3962.797119140625
Madhya Pradesh,Goods Vehicle,22274.786865234375,3712.4644775390625,3741.045654296875
West Bengal,Goods Vehicle,22274.786865234375,3712.4644775390625,3741.045654296875
Chhattisgarh,Goods Vehicle,22274.786865234375,3712.4644775390625,3741.045654296875
Odisha,Goods Vehicle,21157.220458984375,3526.203409830729,3554.784423828125
Rajasthan,Other Motor Vehicle,18159.585693359375,3026.597615559896,3093.922119140625
Kerala,Three Wheeler,14946.857177734375,2491.142862955729,2519.723876953125
Arunachal Pradesh,Three Wheeler,14525.482666015625,2420.913777669271,3912.912841796875
Mizoram,Two Wheeler,13082.158935546875,2180.359822591146,2321.65966796875
Jharkhand,Goods Vehicle,11417.933959960938,1902.988993326823,1931.570068359375
Chandigarh,Two Wheeler,11222.676635742188,1870.4461059570312,2225.0009765625
Manipur,Two Wheeler,10616.169799804688,1769.3616333007812,2123.91650390625
Andhra Pradesh,Passenger Transport,9949.159301757812,1658.1932169596355,1782.146240234375
Andhra Pradesh,Other Motor Vehicle,9949.159301757812,1658.1932169596355,1782.146240234375
The Dadra And Nagar Haveli And Daman And Diu,Two Wheeler,8551.482666015625,1425.2471110026042,1779.8017578125
Sikkim,Two Wheeler,8551.482666015625,1425.2471110026042,1779.8017578125
Odisha,Three Wheeler,8481.973266601562,1413.6622111002605,1442.2432861328125
Andaman And Nicobar Islands,Two Wheeler,8415.556640625,1402.5927734375,1749.9068603515625
Nagaland,Two Wheeler,8161.96484375,1360.3274739583333,1501.627685546875
Kerala,Goods Vehicle,7718.7786865234375,1286.463114420573,1315.044189453125
Andaman And Nicobar Islands,Passenger Transport,7460.2359619140625,1243.3726603190105,1275.573974609375
Andhra Pradesh,Goods Vehicle,7254.8834228515625,1209.147237141927,2812.694091796875
Punjab,Goods Vehicle,7195.630859375,1199.2718098958333,1227.8529052734375
Chandigarh,Passenger Transport,7098.5906982421875,1183.0984497070312,1215.2998046875
Chandigarh,Passenger Vehicle,6371.8936767578125,1061.9822794596355,1090.5633544921875
Jharkhand,Three Wheeler,5399.3402099609375,899.8900349934896,928.4710693359375
Kerala,Passenger Transport,4418.95361328125,736.4922688802084,768.6936645507812
Uttarakhand,Three Wheeler,4118.63720703125,686.4395345052084,784.97705078125
Tripura,Three Wheeler,4013.3443603515625,668.8907267252604,697.4718017578125
West Bengal,Three Wheeler,3902.134521484375,650.3557535807291,678.9368896484375
Chhattisgarh,Three Wheeler,3792.8358154296875,632.1393025716146,660.720458984375
Himachal Pradesh,Goods Vehicle,3792.8358154296875,632.1393025716146,660.720458984375
Puducherry,Passenger Vehicle,3792.8358154296875,632.1393025716146,660.720458984375
Nagaland,Passenger Vehicle,3792.8358154296875,632.1393025716146,660.720458984375
Jammu And Kashmir,Three Wheeler,3792.8358154296875,632.1393025716146,660.720458984375
Meghalaya,Passenger Vehicle,3792.8358154296875,632.1393025716146,660.720458984375
Tamil Nadu,Passenger Transport,3696.1751708984375,616.0291951497396,644.6103515625
Haryana,Passenger Transport,3656.9097900390625,609.4849650065104,641.6864013671875
Sikkim,Passenger Vehicle,3656.9097900390625,609.4849650065104,641.6864013671875
Tripura,Passenger Vehicle,3656.9097900390625,609.4849650065104,641.6864013671875
Arunachal Pradesh,Passenger Transport,3431.3898315429688,571.8983052571615,604.0997314453125
Delhi,Goods Vehicle,3339.0811462402344,556.5135243733724,585.0946044921875
Ladakh,Two Wheeler,3255.5855102539062,542.5975850423177,671.858642578125
Goa,Passenger Vehicle,3052.2245178222656,508.70408630371094,537.2852172851562
Puducherry,Three Wheeler,3050.1732788085938,508.3622131347656,540.5635986328125
Manipur,Three Wheeler,3050.1732788085938,508.3622131347656,540.5635986328125
Puducherry,Goods Vehicle,3050.1732788085938,508.3622131347656,540.5635986328125
Goa,Passenger Transport,3050.1732788085938,508.3622131347656,540.5635986328125
Jammu And Kashmir,Passenger Transport,3050.1732788085938,508.3622131347656,540.5635986328125
The Dadra And Nagar Haveli And Daman And Diu,Three Wheeler,3050.1732788085938,508.3622131347656,540.5635986328125
Sikkim,Goods Vehicle,3050.1732788085938,508.3622131347656,540.5635986328125
Karnataka,Passenger Transport,3032.058837890625,505.3431396484375,537.5445556640625
Uttarakhand,Passenger Transport,2871.1170654296875,478.51951090494794,569.81640625
Nagaland,Three Wheeler,2765.824188232422,460.970698038737,493.172119140625
Chhattisgarh,Other Motor Vehicle,2765.824188232422,460.970698038737,493.172119140625
Chandigarh,Three Wheeler,2765.824188232422,460.970698038737,493.172119140625
Haryana,Other Motor Vehicle,2765.824188232422,460.970698038737,493.172119140625
Assam,Other Motor Vehicle,2765.824188232422,460.970698038737,493.172119140625
Chandigarh,Goods Vehicle,2765.824188232422,460.970698038737,493.172119140625
Himachal Pradesh,Other Motor Vehicle,2765.824188232422,460.970698038737,493.172119140625
Andaman And Nicobar Islands,Passenger Vehicle,2765.824188232422,460.970698038737,493.172119140625
Andaman And Nicobar Islands,Goods Vehicle,2765.824188232422,460.970698038737,493.172119140625
Bihar,Other Motor Vehicle,2765.824188232422,460.970698038737,493.172119140625
Goa,Three Wheeler,2765.824188232422,460.970698038737,493.172119140625
Jharkhand,Passenger Transport,2765.824188232422,460.970698038737,493.172119140625
Madhya Pradesh,Other Motor Vehicle,2765.824188232422,460.970698038737,493.172119140625
Tripura,Other Motor Vehicle,2765.824188232422,460.970698038737,493.172119140625
Tripura,Goods Vehicle,2765.824188232422,460.970698038737,493.172119140625
Ladakh,Passenger Vehicle,2765.824188232422,460.970698038737,493.172119140625
Manipur,Goods Vehicle,2765.824188232422,460.970698038737,493.172119140625
Maharashtra,Passenger Transport,2764.6806030273438,460.7801005045573,492.9814147949219
Punjab,Passenger Transport,2673.6884155273438,445.61473592122394,477.8161315917969
Maharashtra,Other Motor Vehicle,2673.6884155273438,445.61473592122394,477.8161315917969
West Bengal,Passenger Transport,2256.72216796875,376.120361328125,408.32171630859375
Jammu And Kashmir,Goods Vehicle,2123.413360595703,353.9022267659505,382.4833068847656
Uttarakhand,Goods Vehicle,2049.8749237060547,341.6458206176758,440.1833190917969
Nagaland,Passenger Transport,1985.4819946289062,330.9136657714844,363.1150207519531
Ladakh,Goods Vehicle,1972.3731079101562,328.7288513183594,360.9302062988281
Odisha,Passenger Transport,1972.3731079101562,328.7288513183594,360.9302062988281
Nagaland,Goods Vehicle,1861.9938659667969,310.3323109944661,338.91339111328125
Mizoram,Passenger Transport,1819.9871520996094,303.33119201660156,335.5325622558594
Mizoram,Other Motor Vehicle,1819.9871520996094,303.33119201660156,335.5325622558594
Kerala,Other Motor Vehicle,1674.441650390625,279.0736083984375,311.27496337890625
Assam,Passenger Transport,1651.9894104003906,275.3315684000651,307.53289794921875
Manipur,Passenger Vehicle,1651.9894104003906,275.3315684000651,307.53289794921875
Himachal Pradesh,Three Wheeler,1473.1583404541016,245.5263900756836,277.72772216796875
Ladakh,Passenger Transport,1392.2148132324219,232.03580220540366,264.2371520996094
Himachal Pradesh,Passenger Transport,1367.6405029296875,227.9400838216146,260.14141845703125
Meghalaya,Three Wheeler,1188.8092880249023,198.13488133748373,230.33621215820312
Madhya Pradesh,Passenger Transport,1188.8092880249023,198.13488133748373,230.33621215820312
Ladakh,Other Motor Vehicle,1107.8657302856445,184.64428838094076,216.8456268310547
Sikkim,Other Motor Vehicle,1107.8657302856445,184.64428838094076,216.8456268310547
Manipur,Passenger Transport,1107.8657302856445,184.64428838094076,216.8456268310547
Chandigarh,Other Motor Vehicle,1107.8657302856445,184.64428838094076,216.8456268310547
Delhi,Other Motor Vehicle,1107.8657302856445,184.64428838094076,216.8456268310547
Goa,Other Motor Vehicle,1107.8657302856445,184.64428838094076,216.8456268310547
Andaman And Nicobar Islands,Other Motor Vehicle,1107.8657302856445,184.64428838094076,216.8456268310547
Puducherry,Other Motor Vehicle,1107.8657302856445,184.64428838094076,216.8456268310547
Manipur,Other Motor Vehicle,1107.8657302856445,184.64428838094076,216.8456268310547
Meghalaya,Other Motor Vehicle,1107.8657302856445,184.64428838094076,216.8456268310547
Mizoram,Three Wheeler,1083.0778121948242,180.51296869913736,212.71434020996094
Uttar Pradesh,Passenger Transport,1042.381950378418,173.73032506306967,205.93165588378906
The Dadra And Nagar Haveli And Daman And Diu,Passenger Vehicle,1042.381950378418,173.73032506306967,205.93165588378906
Mizoram,Passenger Vehicle,962.1967086791992,160.36611811319986,192.56748962402344
Mizoram,Goods Vehicle,798.7288436889648,133.1214739481608,165.32284545898438
West Bengal,Other Motor Vehicle,536.3900909423828,89.39834849039714,121.27208709716797
Gujarat,Other Motor Vehicle,400.16688537597656,66.6944808959961,94.02745819091797
Gujarat,Passenger Transport,400.16688537597656,66.6944808959961,94.02745819091797
Sikkim,Passenger Transport,377.0430145263672,62.840502421061196,89.40267181396484
Ladakh,Three Wheeler,377.0430145263672,62.840502421061196,89.40267181396484
Meghalaya,Goods Vehicle,299.43262100219727,49.90543683369955,73.8805923461914
Karnataka,Other Motor Vehicle,299.43262100219727,49.90543683369955,73.8805923461914
Chhattisgarh,Passenger Transport,299.43262100219727,49.90543683369955,73.8805923461914
Bihar,Passenger Transport,299.43262100219727,49.90543683369955,73.8805923461914
Delhi,Passenger Transport,299.43262100219727,49.90543683369955,73.8805923461914
Goa,Goods Vehicle,299.43262100219727,49.90543683369955,73.8805923461914
The Dadra And Nagar Haveli And Daman And Diu,Other Motor Vehicle,299.43262100219727,49.90543683369955,73.8805923461914
Uttar Pradesh,Other Motor Vehicle,299.43262100219727,49.90543683369955,73.8805923461914
Nagaland,Other Motor Vehicle,299.43262100219727,49.90543683369955,73.8805923461914
Uttarakhand,Other Motor Vehicle,268.5022678375244,44.75037797292074,123.2802734375
Tamil Nadu,Other Motor Vehicle,218.882173538208,36.480362256368004,57.77050018310547
The Dadra And Nagar Haveli And Daman And Diu,Passenger Transport,176.8961009979248,29.482683499654133,49.37330627441406
Meghalaya,Passenger Transport,163.20938301086426,27.201563835144043,46.635955810546875
Jharkhand,Other Motor Vehicle,163.20938301086426,27.201563835144043,46.635955810546875
Puducherry,Passenger Transport,163.20938301086426,27.201563835144043,46.635955810546875
Odisha,Other Motor Vehicle,163.20938301086426,27.201563835144043,46.635955810546875
Tripura,Passenger Transport,163.20938301086426,27.201563835144043,46.635955810546875
Punjab,Other Motor Vehicle,163.20938301086426,27.201563835144043,46.635955810546875
The Dadra And Nagar Haveli And Daman And Diu,Goods Vehicle,163.20938301086426,27.201563835144043,46.635955810546875
Jammu And Kashmir,Other Motor Vehicle,0.0,0.0,0.0
Andaman And Nicobar Islands,Three Wheeler,0.0,0.0,0.0
Arunachal Pradesh,Other Motor Vehicle,0.0,0.0,0.0
