state,vehicle_group,average_monthly_demand,demand_std,total_forecast_demand,forecast_months,safety_stock,reorder_point,recommended_inventory,inventory_priority
Rajasthan,Two Wheeler,1577691.25,146784.64,9466147.5,6,242194.66,1819885.91,1819885.91,HIGH
Rajasthan,Passenger Vehicle,420453.71,10295.42,2522722.25,6,16987.44,437441.15,437441.15,HIGH
Uttar Pradesh,Two Wheeler,289612.42,10015.11,1737674.53,6,16524.93,306137.36,306137.36,HIGH
Maharashtra,Two Wheeler,148345.68,11630.96,890074.08,6,19191.09,167536.77,167536.77,HIGH
Tamil Nadu,Two Wheeler,143606.91,11661.99,861641.46,6,19242.28,162849.19,162849.19,HIGH
Rajasthan,Three Wheeler,128162.63,10373.7,768975.8,6,17116.6,145279.23,145279.23,HIGH
Karnataka,Two Wheeler,116004.77,8973.86,696028.61,6,14806.87,130811.64,130811.64,HIGH
Bihar,Two Wheeler,103854.89,13755.41,623129.37,6,22696.43,126551.32,126551.32,HIGH
Rajasthan,Goods Vehicle,96948.67,8508.85,581692.04,6,14039.61,110988.28,110988.28,HIGH
Madhya Pradesh,Two Wheeler,94073.93,11700.61,564443.55,6,19306.01,113379.93,113379.93,HIGH
West Bengal,Two Wheeler,87003.16,3476.02,522018.94,6,5735.43,92738.58,92738.58,HIGH
Arunachal Pradesh,Two Wheeler,84304.37,4306.66,505826.23,6,7105.98,91410.35,91410.35,HIGH
Gujarat,Two Wheeler,81663.36,6606.0,489980.18,6,10899.9,92563.27,92563.27,HIGH
Andhra Pradesh,Two Wheeler,77138.48,2785.63,462830.88,6,4596.29,81734.77,81734.77,HIGH
Odisha,Two Wheeler,68715.27,2660.47,412291.6,6,4389.78,73105.05,73105.05,HIGH
Uttar Pradesh,Passenger Vehicle,56541.18,3948.13,339247.07,6,6514.41,63055.59,63055.59,HIGH
Maharashtra,Passenger Vehicle,49847.2,3599.02,299083.21,6,5938.38,55785.59,55785.59,HIGH
Kerala,Two Wheeler,45223.9,3234.41,271343.38,6,5336.77,50560.67,50560.67,HIGH
Chhattisgarh,Two Wheeler,41748.05,2076.91,250488.33,6,3426.9,45174.95,45174.95,HIGH
Assam,Two Wheeler,39738.84,2076.91,238433.04,6,3426.9,43165.74,43165.74,HIGH
Jharkhand,Two Wheeler,37870.87,4041.21,227225.22,6,6668.0,44538.87,44538.87,HIGH
Haryana,Two Wheeler,37295.87,3605.36,223775.24,6,5948.84,43244.72,43244.72,HIGH
Punjab,Two Wheeler,36208.33,2076.91,217249.99,6,3426.9,39635.23,39635.23,HIGH
Delhi,Two Wheeler,35176.41,1936.83,211058.45,6,3195.78,38372.18,38372.18,HIGH
Karnataka,Passenger Vehicle,31112.22,3398.88,186673.29,6,5608.15,36720.37,36720.37,HIGH
Gujarat,Passenger Vehicle,30665.83,3398.88,183994.99,6,5608.16,36273.99,36273.99,HIGH
Haryana,Passenger Vehicle,29612.4,3398.88,177674.37,6,5608.15,35220.55,35220.55,HIGH
Uttar Pradesh,Three Wheeler,28804.59,518.32,172827.56,6,855.23,29659.83,29659.83,HIGH
Tamil Nadu,Passenger Vehicle,27936.59,2226.55,167619.52,6,3673.81,31610.39,31610.39,HIGH
Madhya Pradesh,Passenger Vehicle,25190.43,2185.98,151142.56,6,3606.87,28797.3,28797.3,HIGH
Punjab,Passenger Vehicle,21696.84,528.72,130181.05,6,872.4,22569.24,22569.24,HIGH
Uttarakhand,Two Wheeler,21576.95,525.49,129461.68,6,867.06,22444.01,22444.01,HIGH
Delhi,Passenger Vehicle,20400.0,524.25,122400.03,6,865.01,21265.01,21265.01,HIGH
Kerala,Passenger Vehicle,20396.75,125.94,122380.53,6,207.81,20604.56,20604.56,HIGH
Arunachal Pradesh,Passenger Vehicle,9427.19,1271.61,56563.14,6,2098.15,11525.34,11525.34,MEDIUM
Bihar,Three Wheeler,9407.71,67.29,56446.23,6,111.03,9518.73,9518.73,MEDIUM
Andhra Pradesh,Passenger Vehicle,9400.67,431.82,56404.05,6,712.51,10113.18,10113.18,MEDIUM
Odisha,Passenger Vehicle,9302.13,67.29,55812.8,6,111.03,9413.16,9413.16,MEDIUM
Chhattisgarh,Passenger Vehicle,9302.13,67.29,55812.8,6,111.03,9413.16,9413.16,MEDIUM
West Bengal,Passenger Vehicle,8129.27,125.94,48775.62,6,207.81,8337.08,8337.08,MEDIUM
Rajasthan,Passenger Transport,8091.44,180.18,48548.67,6,297.29,8388.74,8388.74,MEDIUM
Jammu And Kashmir,Two Wheeler,8014.13,232.83,48084.78,6,384.17,8398.3,8398.3,MEDIUM
Bihar,Passenger Vehicle,7828.4,82.61,46970.37,6,136.3,7964.7,7964.7,MEDIUM
Maharashtra,Goods Vehicle,7482.52,125.94,44895.14,6,207.81,7690.33,7690.33,MEDIUM
Andhra Pradesh,Three Wheeler,7452.0,969.3,44712.0,6,1599.34,9051.34,9051.34,MEDIUM
Himachal Pradesh,Two Wheeler,6507.07,263.2,39042.42,6,434.28,6941.35,6941.35,MEDIUM
Assam,Passenger Vehicle,6362.94,67.29,38177.67,6,111.03,6473.98,6473.98,MEDIUM
Assam,Three Wheeler,5741.65,67.29,34449.92,6,111.03,5852.69,5852.69,MEDIUM
Gujarat,Three Wheeler,5741.65,67.29,34449.92,6,111.03,5852.69,5852.69,MEDIUM
Karnataka,Three Wheeler,5713.96,67.29,34283.77,6,111.03,5824.99,5824.99,MEDIUM
Uttarakhand,Passenger Vehicle,5604.5,232.36,33627.01,6,383.4,5987.9,5987.9,MEDIUM
Puducherry,Two Wheeler,5510.93,263.2,33065.6,6,434.28,5945.21,5945.21,MEDIUM
Tripura,Two Wheeler,5362.87,227.32,32177.22,6,375.07,5737.94,5737.94,MEDIUM
Uttar Pradesh,Goods Vehicle,5006.13,67.29,30036.81,6,111.03,5117.17,5117.17,MEDIUM
Himachal Pradesh,Passenger Vehicle,4916.17,67.29,29497.04,6,111.03,5027.2,5027.2,MEDIUM
Karnataka,Goods Vehicle,4879.36,67.29,29276.19,6,111.03,4990.4,4990.4,MEDIUM
Gujarat,Goods Vehicle,4878.91,67.29,29273.44,6,111.03,4989.94,4989.94,MEDIUM
Maharashtra,Three Wheeler,4742.51,82.61,28455.04,6,136.3,4878.81,4878.81,MEDIUM
Arunachal Pradesh,Goods Vehicle,4442.61,712.83,26655.67,6,1176.17,5618.78,5618.78,MEDIUM
Bihar,Goods Vehicle,4321.52,47.27,25929.13,6,78.0,4399.52,4399.52,MEDIUM
Goa,Two Wheeler,4319.31,227.32,25915.87,6,375.07,4694.38,4694.38,MEDIUM
Madhya Pradesh,Three Wheeler,4318.73,47.27,25912.36,6,78.0,4396.73,4396.73,MEDIUM
Haryana,Goods Vehicle,4301.57,67.29,25809.45,6,111.03,4412.61,4412.61,MEDIUM
Delhi,Three Wheeler,4239.38,47.27,25436.26,6,78.0,4317.38,4317.38,MEDIUM
Meghalaya,Two Wheeler,4196.8,227.32,25180.79,6,375.07,4571.87,4571.87,MEDIUM
Tamil Nadu,Goods Vehicle,4150.96,82.61,24905.74,6,136.3,4287.26,4287.26,MEDIUM
Jammu And Kashmir,Passenger Vehicle,4119.07,82.61,24714.43,6,136.3,4255.38,4255.38,MEDIUM
Punjab,Three Wheeler,4041.03,47.28,24246.17,6,78.0,4119.03,4119.03,MEDIUM
Haryana,Three Wheeler,4041.03,47.28,24246.17,6,78.0,4119.03,4119.03,MEDIUM
Assam,Goods Vehicle,4041.03,47.28,24246.17,6,78.0,4119.03,4119.03,MEDIUM
Tamil Nadu,Three Wheeler,3995.37,57.13,23972.19,6,94.27,4089.63,4089.63,MEDIUM
Jharkhand,Passenger Vehicle,3809.0,82.61,22854.02,6,136.3,3945.31,3945.31,MEDIUM
Madhya Pradesh,Goods Vehicle,3712.46,47.27,22274.79,6,78.0,3790.47,3790.47,MEDIUM
West Bengal,Goods Vehicle,3712.46,47.27,22274.79,6,78.0,3790.47,3790.47,MEDIUM
Chhattisgarh,Goods Vehicle,3712.46,47.27,22274.79,6,78.0,3790.47,3790.47,MEDIUM
Odisha,Goods Vehicle,3526.2,47.27,21157.22,6,78.0,3604.21,3604.21,MEDIUM
Rajasthan,Other Motor Vehicle,3026.6,66.91,18159.59,6,110.39,3136.99,3136.99,MEDIUM
Kerala,Three Wheeler,2491.14,47.27,14946.86,6,78.0,2569.15,2569.15,MEDIUM
Arunachal Pradesh,Three Wheeler,2420.91,1128.06,14525.48,6,1861.3,4282.21,4282.21,MEDIUM
Mizoram,Two Wheeler,2180.36,83.66,13082.16,6,138.04,2318.4,2318.4,MEDIUM
Jharkhand,Goods Vehicle,1902.99,47.27,11417.93,6,78.0,1980.99,1980.99,MEDIUM
Chandigarh,Two Wheeler,1870.45,227.32,11222.68,6,375.07,2245.52,2245.52,MEDIUM
Manipur,Two Wheeler,1769.36,227.32,10616.17,6,375.07,2144.43,2144.43,MEDIUM
Andhra Pradesh,Passenger Transport,1658.19,159.69,9949.16,6,263.48,1921.67,1921.67,MEDIUM
Andhra Pradesh,Other Motor Vehicle,1658.19,159.69,9949.16,6,263.48,1921.67,1921.67,MEDIUM
The Dadra And Nagar Haveli And Daman And Diu,Two Wheeler,1425.25,227.32,8551.48,6,375.07,1800.32,1800.32,MEDIUM
Sikkim,Two Wheeler,1425.25,227.32,8551.48,6,375.07,1800.32,1800.32,MEDIUM
Odisha,Three Wheeler,1413.66,47.27,8481.97,6,78.0,1491.66,1491.66,MEDIUM
Andaman And Nicobar Islands,Two Wheeler,1402.59,221.95,8415.56,6,366.21,1768.8,1768.8,MEDIUM
Nagaland,Two Wheeler,1360.33,83.66,8161.96,6,138.04,1498.36,1498.36,MEDIUM
Kerala,Goods Vehicle,1286.46,47.27,7718.78,6,78.0,1364.47,1364.47,MEDIUM
Andaman And Nicobar Islands,Passenger Transport,1243.37,46.15,7460.24,6,76.14,1319.52,1319.52,MEDIUM
Andhra Pradesh,Goods Vehicle,1209.15,1377.5,7254.88,6,2272.88,3482.03,3482.03,MEDIUM
Punjab,Goods Vehicle,1199.27,47.27,7195.63,6,78.0,1277.27,1277.27,MEDIUM
Chandigarh,Passenger Transport,1183.1,46.15,7098.59,6,76.14,1259.24,1259.24,MEDIUM
Chandigarh,Passenger Vehicle,1061.98,47.27,6371.89,6,78.0,1139.98,1139.98,MEDIUM
Jharkhand,Three Wheeler,899.89,47.27,5399.34,6,78.0,977.89,977.89,LOW
Kerala,Passenger Transport,736.49,46.15,4418.95,6,76.14,812.63,812.63,LOW
Uttarakhand,Three Wheeler,686.44,67.36,4118.64,6,111.14,797.58,797.58,LOW
Tripura,Three Wheeler,668.89,47.27,4013.34,6,78.0,746.89,746.89,LOW
West Bengal,Three Wheeler,650.36,47.27,3902.13,6,78.0,728.36,728.36,LOW
Chhattisgarh,Three Wheeler,632.14,47.27,3792.84,6,78.0,710.14,710.14,LOW
Himachal Pradesh,Goods Vehicle,632.14,47.27,3792.84,6,78.0,710.14,710.14,LOW
Puducherry,Passenger Vehicle,632.14,47.27,3792.84,6,78.0,710.14,710.14,LOW
Nagaland,Passenger Vehicle,632.14,47.27,3792.84,6,78.0,710.14,710.14,LOW
Jammu And Kashmir,Three Wheeler,632.14,47.27,3792.84,6,78.0,710.14,710.14,LOW
Meghalaya,Passenger Vehicle,632.14,47.27,3792.84,6,78.0,710.14,710.14,LOW
Tamil Nadu,Passenger Transport,616.03,47.27,3696.18,6,78.0,694.03,694.03,LOW
Haryana,Passenger Transport,609.48,46.15,3656.91,6,76.14,685.63,685.63,LOW
Sikkim,Passenger Vehicle,609.48,46.15,3656.91,6,76.14,685.63,685.63,LOW
Tripura,Passenger Vehicle,609.48,46.15,3656.91,6,76.14,685.63,685.63,LOW
Arunachal Pradesh,Passenger Transport,571.9,46.15,3431.39,6,76.14,648.04,648.04,LOW
Delhi,Goods Vehicle,556.51,47.27,3339.08,6,78.0,634.52,634.52,LOW
Ladakh,Two Wheeler,542.6,72.31,3255.59,6,119.31,661.91,661.91,LOW
Goa,Passenger Vehicle,508.7,47.27,3052.22,6,78.0,586.71,586.71,LOW
Puducherry,Three Wheeler,508.36,46.15,3050.17,6,76.14,584.5,584.5,LOW
Manipur,Three Wheeler,508.36,46.15,3050.17,6,76.14,584.5,584.5,LOW
Puducherry,Goods Vehicle,508.36,46.15,3050.17,6,76.14,584.5,584.5,LOW
Goa,Passenger Transport,508.36,46.15,3050.17,6,76.14,584.5,584.5,LOW
Jammu And Kashmir,Passenger Transport,508.36,46.15,3050.17,6,76.14,584.5,584.5,LOW
The Dadra And Nagar Haveli And Daman And Diu,Three Wheeler,508.36,46.15,3050.17,6,76.14,584.5,584.5,LOW
Sikkim,Goods Vehicle,508.36,46.15,3050.17,6,76.14,584.5,584.5,LOW
Karnataka,Passenger Transport,505.34,46.15,3032.06,6,76.14,581.49,581.49,LOW
Uttarakhand,Passenger Transport,478.52,64.24,2871.12,6,106.0,584.52,584.52,LOW
Nagaland,Three Wheeler,460.97,46.15,2765.82,6,76.14,537.11,537.11,LOW
Chhattisgarh,Other Motor Vehicle,460.97,46.15,2765.82,6,76.14,537.11,537.11,LOW
Chandigarh,Three Wheeler,460.97,46.15,2765.82,6,76.14,537.11,537.11,LOW
Haryana,Other Motor Vehicle,460.97,46.15,2765.82,6,76.14,537.11,537.11,LOW
Assam,Other Motor Vehicle,460.97,46.15,2765.82,6,76.14,537.11,537.11,LOW
Chandigarh,Goods Vehicle,460.97,46.15,2765.82,6,76.14,537.11,537.11,LOW
Himachal Pradesh,Other Motor Vehicle,460.97,46.15,2765.82,6,76.14,537.11,537.11,LOW
Andaman And Nicobar Islands,Passenger Vehicle,460.97,46.15,2765.82,6,76.14,537.11,537.11,LOW
Andaman And Nicobar Islands,Goods Vehicle,460.97,46.15,2765.82,6,76.14,537.11,537.11,LOW
Bihar,Other Motor Vehicle,460.97,46.15,2765.82,6,76.14,537.11,537.11,LOW
Goa,Three Wheeler,460.97,46.15,2765.82,6,76.14,537.11,537.11,LOW
Jharkhand,Passenger Transport,460.97,46.15,2765.82,6,76.14,537.11,537.11,LOW
Madhya Pradesh,Other Motor Vehicle,460.97,46.15,2765.82,6,76.14,537.11,537.11,LOW
Tripura,Other Motor Vehicle,460.97,46.15,2765.82,6,76.14,537.11,537.11,LOW
Tripura,Goods Vehicle,460.97,46.15,2765.82,6,76.14,537.11,537.11,LOW
Ladakh,Passenger Vehicle,460.97,46.15,2765.82,6,76.14,537.11,537.11,LOW
Manipur,Goods Vehicle,460.97,46.15,2765.82,6,76.14,537.11,537.11,LOW
Maharashtra,Passenger Transport,460.78,46.15,2764.68,6,76.14,536.92,536.92,LOW
Punjab,Passenger Transport,445.61,46.15,2673.69,6,76.14,521.76,521.76,LOW
Maharashtra,Other Motor Vehicle,445.61,46.15,2673.69,6,76.14,521.76,521.76,LOW
West Bengal,Passenger Transport,376.12,46.15,2256.72,6,76.14,452.26,452.26,LOW
Jammu And Kashmir,Goods Vehicle,353.9,47.27,2123.41,6,78.0,431.9,431.9,LOW
Uttarakhand,Goods Vehicle,341.65,67.36,2049.87,6,111.14,452.79,452.79,LOW
Nagaland,Passenger Transport,330.91,46.15,1985.48,6,76.14,407.06,407.06,LOW
Ladakh,Goods Vehicle,328.73,46.15,1972.37,6,76.14,404.87,404.87,LOW
Odisha,Passenger Transport,328.73,46.15,1972.37,6,76.14,404.87,404.87,LOW
Nagaland,Goods Vehicle,310.33,47.27,1861.99,6,78.0,388.33,388.33,LOW
Mizoram,Passenger Transport,303.33,46.15,1819.99,6,76.14,379.47,379.47,LOW
Mizoram,Other Motor Vehicle,303.33,46.15,1819.99,6,76.14,379.47,379.47,LOW
Kerala,Other Motor Vehicle,279.07,46.15,1674.44,6,76.14,355.22,355.22,LOW
Assam,Passenger Transport,275.33,46.15,1651.99,6,76.14,351.47,351.47,LOW
Manipur,Passenger Vehicle,275.33,46.15,1651.99,6,76.14,351.47,351.47,LOW
Himachal Pradesh,Three Wheeler,245.53,46.15,1473.16,6,76.14,321.67,321.67,LOW
Ladakh,Passenger Transport,232.04,46.15,1392.21,6,76.14,308.18,308.18,LOW
Himachal Pradesh,Passenger Transport,227.94,46.15,1367.64,6,76.14,304.08,304.08,LOW
Meghalaya,Three Wheeler,198.13,46.15,1188.81,6,76.14,274.28,274.28,LOW
Madhya Pradesh,Passenger Transport,198.13,46.15,1188.81,6,76.14,274.28,274.28,LOW
Ladakh,Other Motor Vehicle,184.64,46.15,1107.87,6,76.14,260.79,260.79,LOW
Sikkim,Other Motor Vehicle,184.64,46.15,1107.87,6,76.14,260.79,260.79,LOW
Manipur,Passenger Transport,184.64,46.15,1107.87,6,76.14,260.79,260.79,LOW
Chandigarh,Other Motor Vehicle,184.64,46.15,1107.87,6,76.14,260.79,260.79,LOW
Delhi,Other Motor Vehicle,184.64,46.15,1107.87,6,76.14,260.79,260.79,LOW
Goa,Other Motor Vehicle,184.64,46.15,1107.87,6,76.14,260.79,260.79,LOW
Andaman And Nicobar Islands,Other Motor Vehicle,184.64,46.15,1107.87,6,76.14,260.79,260.79,LOW
Puducherry,Other Motor Vehicle,184.64,46.15,1107.87,6,76.14,260.79,260.79,LOW
Manipur,Other Motor Vehicle,184.64,46.15,1107.87,6,76.14,260.79,260.79,LOW
Meghalaya,Other Motor Vehicle,184.64,46.15,1107.87,6,76.14,260.79,260.79,LOW
Mizoram,Three Wheeler,180.51,46.15,1083.08,6,76.14,256.66,256.66,LOW
Uttar Pradesh,Passenger Transport,173.73,46.15,1042.38,6,76.14,249.87,249.87,LOW
The Dadra And Nagar Haveli And Daman And Diu,Passenger Vehicle,173.73,46.15,1042.38,6,76.14,249.87,249.87,LOW
Mizoram,Passenger Vehicle,160.37,46.15,962.2,6,76.14,236.51,236.51,LOW
Mizoram,Goods Vehicle,133.12,46.15,798.73,6,76.14,209.26,209.26,LOW
West Bengal,Other Motor Vehicle,89.4,45.37,536.39,6,74.86,164.26,164.26,LOW
Gujarat,Other Motor Vehicle,66.69,34.76,400.17,6,57.35,124.04,124.04,LOW
Gujarat,Passenger Transport,66.69,34.76,400.17,6,57.35,124.04,124.04,LOW
Sikkim,Passenger Transport,62.84,32.99,377.04,6,54.43,117.27,117.27,LOW
Ladakh,Three Wheeler,62.84,32.99,377.04,6,54.43,117.27,117.27,LOW
Meghalaya,Goods Vehicle,49.91,27.17,299.43,6,44.83,94.74,94.74,LOW
Karnataka,Other Motor Vehicle,49.91,27.17,299.43,6,44.83,94.74,94.74,LOW
Chhattisgarh,Passenger Transport,49.91,27.17,299.43,6,44.83,94.74,94.74,LOW
Bihar,Passenger Transport,49.91,27.17,299.43,6,44.83,94.74,94.74,LOW
Delhi,Passenger Transport,49.91,27.17,299.43,6,44.83,94.74,94.74,LOW
Goa,Goods Vehicle,49.91,27.17,299.43,6,44.83,94.74,94.74,LOW
The Dadra And Nagar Haveli And Daman And Diu,Other Motor Vehicle,49.91,27.17,299.43,6,44.83,94.74,94.74,LOW
Uttar Pradesh,Other Motor Vehicle,49.91,27.17,299.43,6,44.83,94.74,94.74,LOW
Nagaland,Other Motor Vehicle,49.91,27.17,299.43,6,44.83,94.74,94.74,LOW
Uttarakhand,Other Motor Vehicle,44.75,42.16,268.5,6,69.57,114.32,114.32,LOW
Tamil Nadu,Other Motor Vehicle,36.48,21.45,218.88,6,35.39,71.87,71.87,LOW
The Dadra And Nagar Haveli And Daman And Diu,Passenger Transport,29.48,18.69,176.9,6,30.83,60.31,60.31,LOW
Meghalaya,Passenger Transport,27.2,17.84,163.21,6,29.43,56.63,56.63,LOW
Jharkhand,Other Motor Vehicle,27.2,17.84,163.21,6,29.43,56.63,56.63,LOW
Puducherry,Passenger Transport,27.2,17.84,163.21,6,29.43,56.63,56.63,LOW
Odisha,Other Motor Vehicle,27.2,17.84,163.21,6,29.43,56.63,56.63,LOW
Tripura,Passenger Transport,27.2,17.84,163.21,6,29.43,56.63,56.63,LOW
Punjab,Other Motor Vehicle,27.2,17.84,163.21,6,29.43,56.63,56.63,LOW
The Dadra And Nagar Haveli And Daman And Diu,Goods Vehicle,27.2,17.84,163.21,6,29.43,56.63,56.63,LOW
Jammu And Kashmir,Other Motor Vehicle,0.0,0.0,0.0,6,0.0,0.0,0.0,LOW
Andaman And Nicobar Islands,Three Wheeler,0.0,0.0,0.0,6,0.0,0.0,0.0,LOW
Arunachal Pradesh,Other Motor Vehicle,0.0,0.0,0.0,6,0.0,0.0,0.0,LOW
