state,Goods Vehicle,Other Motor Vehicle,Passenger Transport,Passenger Vehicle,Three Wheeler,Two Wheeler
Andaman And Nicobar Islands,2765.824188232422,1107.8657302856445,7460.2359619140625,2765.824188232422,0.0,8415.556640625
Andhra Pradesh,7254.8834228515625,9949.159301757812,9949.159301757812,56404.0478515625,44712.00146484375,462830.8828125
Arunachal Pradesh,26655.66796875,0.0,3431.3898315429688,56563.138671875,14525.482666015625,505826.2265625
Assam,24246.167724609375,2765.824188232422,1651.9894104003906,38177.66748046875,34449.92431640625,238433.0390625
Bihar,25929.12548828125,2765.824188232422,299.43262100219727,46970.3740234375,56446.23046875,623129.3671875
Chandigarh,2765.824188232422,1107.8657302856445,7098.5906982421875,6371.8936767578125,2765.824188232422,11222.676635742188
Chhattisgarh,22274.786865234375,2765.824188232422,299.43262100219727,55812.7958984375,3792.8358154296875,250488.328125
Delhi,3339.0811462402344,1107.8657302856445,299.43262100219727,122400.02734375,25436.25537109375,211058.44921875
Goa,299.43262100219727,1107.8657302856445,3050.1732788085938,3052.2245178222656,2765.824188232422,25915.873046875
Gujarat,29273.43896484375,400.16688537597656,400.16688537597656,183994.98828125,34449.92431640625,489980.1796875
Haryana,25809.44970703125,2765.824188232422,3656.9097900390625,177674.37109375,24246.167724609375,223775.23828125
Himachal Pradesh,3792.8358154296875,2765.824188232422,1367.6405029296875,29497.04150390625,1473.1583404541016,39042.41845703125
Jammu And Kashmir,2123.413360595703,0.0,3050.1732788085938,24714.432861328125,3792.8358154296875,48084.779296875
Jharkhand,11417.933959960938,163.20938301086426,2765.824188232422,22854.021240234375,5399.3402099609375,227225.21875
Karnataka,29276.18994140625,299.43262100219727,3032.058837890625,186673.29296875,34283.76708984375,696028.609375
Kerala,7718.7786865234375,1674.441650390625,4418.95361328125,122380.52734375,14946.857177734375,271343.3828125
Ladakh,1972.3731079101562,1107.8657302856445,1392.2148132324219,2765.824188232422,377.0430145263672,3255.5855102539062
Madhya Pradesh,22274.786865234375,2765.824188232422,1188.8092880249023,151142.560546875,25912.35595703125,564443.5546875
Maharashtra,44895.1376953125,2673.6884155273438,2764.6806030273438,299083.20703125,28455.03857421875,890074.078125
Manipur,2765.824188232422,1107.8657302856445,1107.8657302856445,1651.9894104003906,3050.1732788085938,10616.169799804688
Meghalaya,299.43262100219727,1107.8657302856445,163.20938301086426,3792.8358154296875,1188.8092880249023,25180.794921875
Mizoram,798.7288436889648,1819.9871520996094,1819.9871520996094,962.1967086791992,1083.0778121948242,13082.158935546875
Nagaland,1861.9938659667969,299.43262100219727,1985.4819946289062,3792.8358154296875,2765.824188232422,8161.96484375
Odisha,21157.220458984375,163.20938301086426,1972.3731079101562,55812.7958984375,8481.973266601562,412291.6015625
Puducherry,3050.1732788085938,1107.8657302856445,163.20938301086426,3792.8358154296875,3050.1732788085938,33065.60107421875
Punjab,7195.630859375,163.20938301086426,2673.6884155273438,130181.048828125,24246.167724609375,217249.98828125
Rajasthan,581692.0390625,18159.585693359375,48548.66845703125,2522722.25,768975.8046875,9466147.5
Sikkim,3050.1732788085938,1107.8657302856445,377.0430145263672,3656.9097900390625,0.0,8551.482666015625
Tamil Nadu,24905.7421875,218.882173538208,3696.1751708984375,167619.5234375,23972.193115234375,861641.4609375
The Dadra And Nagar Haveli And Daman And Diu,163.20938301086426,299.43262100219727,176.8961009979248,1042.381950378418,3050.1732788085938,8551.482666015625
Tripura,2765.824188232422,2765.824188232422,163.20938301086426,3656.9097900390625,4013.3443603515625,32177.22412109375
Uttar Pradesh,30036.80712890625,299.43262100219727,1042.381950378418,339247.07421875,172827.560546875,1737674.53125
Uttarakhand,2049.8749237060547,268.5022678375244,2871.1170654296875,33627.00732421875,4118.63720703125,129461.677734375
West Bengal,22274.786865234375,536.3900909423828,2256.72216796875,48775.61572265625,3902.134521484375,522018.9375
