state,total_forecast_demand,average_monthly_demand,total_safety_stock,total_recommended_inventory,demand_share_percent
Rajasthan,13406245.85,2234374.3,290745.99,2525120.3,50.097137038191796
Uttar Pradesh,2281127.7800000003,380187.95999999996,24126.57,404314.56,8.524233575523027
Maharashtra,1267945.84,211324.3,25625.86,236950.18,4.738124096350599
Tamil Nadu,1082053.97,180342.34,23260.05,203602.37,4.0434739616392665
Karnataka,949593.35,158265.56,20758.05,179023.63,3.548488422320379
Madhya Pradesh,767727.89,127954.65,23221.16,151175.81999999998,2.8688843799900803
Bihar,755540.35,125923.4,23142.73,149066.12,2.823341364565039
Gujarat,738498.87,123083.13,16844.82,139927.97,2.7596599008319536
Arunachal Pradesh,607001.91,101166.98,12317.74,113484.72,2.268275414904029
West Bengal,599764.59,99960.77,6250.240000000001,106211.01,2.2412306317569817
Andhra Pradesh,591100.13,98516.68,9707.98,108224.66,2.208852839730892
Odisha,499879.17,83313.19,4762.38,88075.58,1.8679737461347223
Haryana,457927.95999999996,76321.32,11898.3,88219.65000000001,1.7112083444105728
Kerala,422482.94,70413.81,5852.860000000001,76266.7,1.5787556022984737
Punjab,381709.74,63618.28,4560.87,68179.16,1.4263922478784439
Delhi,363641.12,60606.850000000006,4337.76,64944.619999999995,1.3588725154821437
Assam,339724.61,56620.759999999995,3879.2400000000002,60500.02,1.2695000921839923
Chhattisgarh,335434.01,55905.66,3814.9,59720.57,1.2534667612589097
Jharkhand,269825.54,44970.920000000006,7065.87,52036.8,1.0082977147389924
Uttarakhand,172396.82,28732.81,1648.31,30381.12,0.6442211498372965
Jammu And Kashmir,81765.63,13627.6,752.61,14380.22,0.30554593858384943
Himachal Pradesh,77938.92,12989.82,851.73,13841.55,0.2912460952555683
Tripura,45542.32,7590.38,710.92,8301.31,0.17018484306530773
Puducherry,44229.86,7371.63,770.13,8141.77,0.16528037620614258
Goa,36191.38,6031.89,726.3199999999999,6758.2300000000005,0.1352417778808132
Meghalaya,31732.95,5288.82,679.61,5968.45,0.1185812913296744
Chandigarh,31332.670000000002,5222.11,757.63,5979.75,0.117085504795695
Andaman And Nicobar Islands,22515.309999999998,3752.54,670.77,4423.33,0.08413634832210465
Manipur,20299.89,3383.2999999999997,755.77,4139.09,0.07585765489972864
Mizoram,19566.15,3261.02,518.74,3779.77,0.07311577818482394
Nagaland,18867.52,3144.59,491.15,3635.74,0.07050510229236356
Sikkim,16743.47,2790.57,657.92,3448.5099999999998,0.06256784490378813
The Dadra And Nagar Haveli And Daman And Diu,13283.57,2213.93,632.4399999999999,2846.37,0.04963871572192699
Ladakh,10870.9,1811.8200000000002,478.3,2290.13,0.04062292853062061
