state,predicted_demand
Rajasthan,13406245.84790039
Uttar Pradesh,2281127.787715912
Maharashtra,1267945.830444336
Tamil Nadu,1082053.977022171
Karnataka,949593.3508338928
Madhya Pradesh,767727.891532898
Bihar,755540.3539772034
Gujarat,738498.865020752
Arunachal Pradesh,607001.9057006836
West Bengal,599764.5868682861
Andhra Pradesh,591100.1341552734
Odisha,499879.17367744446
Haryana,457927.9607849121
Kerala,422482.9412841797
Punjab,381709.7334918976
Delhi,363641.1114311218
Assam,339724.6121826172
Chhattisgarh,335434.0035133362
Jharkhand,269825.54773139954
Uttarakhand,172396.81652259827
Jammu And Kashmir,81765.63461303711
Himachal Pradesh,77938.9188079834
Tripura,45542.33603096008
Puducherry,44229.858560562134
Goa,36191.39338302612
Meghalaya,31732.947759628296
Chandigarh,31332.675117492676
Andaman And Nicobar Islands,22515.30670928955
Manipur,20299.888137817383
Mizoram,19566.136604309082
Nagaland,18867.53332901001
Sikkim,16743.474479675293
The Dadra And Nagar Haveli And Daman And Diu,13283.576000213623
Ladakh,10870.906364440918
